	cognitive mission 1 - Failure
	cognitive mission 1 - Failure
	cognitive mission 4 - success
	cognitive mission 4 - Failure
	cognitive mission 4 - success
	cognitive mission 5 - success
	cognitive mission 5 - success
	cognitive mission 5 - Failure
	cognitive mission 5 - Failure
	cognitive mission 5 - Failure
	cognitive mission 5 - success
	cognitive mission 5 - success
	cognitive mission 5 - success
	cognitive mission 5 - success

physical training
	2021-08-05
12:43:51
<bound method Poppy.open_and_close_arms_90 of <Poppy(Thread-1, started 2768)>>
0
	2021-08-05
12:44:46
<bound method Poppy.raise_arms_horizontally of <Poppy(Thread-1, started 2768)>>
0
	2021-08-05
12:44:46
cognitive mission
	cognitive mission 5 - success
	cognitive mission 5 - success
	cognitive mission 5 - success
	2021-08-05
12:46:15
<bound method Poppy.raise_arms_forward_turn of <Poppy(Thread-1, started 2768)>>
0
	2021-08-05
12:46:42
<bound method Poppy.bend_elbows of <Poppy(Thread-1, started 2768)>>
0
	2021-08-05
12:47:24
<bound method Poppy.raise_arms_forward of <Poppy(Thread-1, started 2768)>>
0
	2021-08-05
12:48:15
<bound method Poppy.raise_arms_forward_separate of <Poppy(Thread-1, started 2768)>>
0
	2021-08-05
12:48:22
raise right arm forward
0
	2021-08-05
12:49:12
raise left arm forward
0

success
100
	2021-08-05
12:50:03
<bound method Poppy.raise_arms_bend_elbows of <Poppy(Thread-1, started 2768)>>
0

success
100
	good
bye

physical training
	2021-08-05
12:56:04
<bound method Poppy.raise_arms_bend_elbows of <Poppy(Thread-1, started 10860)>>
0
	2021-08-05
12:56:46
<bound method Poppy.bend_elbows of <Poppy(Thread-1, started 10860)>>
0
	2021-08-05
12:57:28
<bound method Poppy.raise_arms_horizontally_turn of <Poppy(Thread-1, started 10860)>>
0
	2021-08-05
12:57:55
<bound method Poppy.open_and_close_arms_90 of <Poppy(Thread-1, started 10860)>>
0
	2021-08-05
12:57:55
cognitive mission
	cognitive mission 2 - success
	cognitive mission 2 - Failure
	cognitive mission 2 - success
	2021-08-05
12:59:31
<bound method Poppy.raise_arms_forward of <Poppy(Thread-1, started 10860)>>
0
	2021-08-05
13:00:23
<bound method Poppy.raise_arms_horizontally of <Poppy(Thread-1, started 10860)>>
0
	2021-08-05
13:01:04
<bound method Poppy.raise_arms_forward_separate of <Poppy(Thread-1, started 10860)>>
0
	2021-08-05
13:01:11
raise right arm forward
0
	2021-08-05
13:02:01
raise left arm forward
0

physical training

Anotherworkout
	2021-08-05
13:03:11
<bound method Poppy.raise_arms_horizontally_separate of <Poppy(Thread-1, started 10860)>>
0
	2021-08-05
13:03:18
raise right arm horizontally
0
	2021-08-05
13:04:01
raise left arm horizontally
0
	2021-08-05
13:04:46
<bound method Poppy.raise_arms_forward_turn of <Poppy(Thread-1, started 10860)>>
0
	2021-08-05
13:05:12
<bound method Poppy.raise_arms_horizontally_turn of <Poppy(Thread-1, started 10860)>>
0
	2021-08-05
13:05:39
<bound method Poppy.bend_elbows of <Poppy(Thread-1, started 10860)>>
0
	2021-08-05
13:05:39
cognitive mission
	cognitive mission 1 - Failure
	cognitive mission 1 - Failure
	cognitive mission 1 - Failure
	2021-08-05
13:07:08
<bound method Poppy.raise_arms_horizontally of <Poppy(Thread-1, started 10860)>>
0

physical training
	2021-08-05
13:14:20
<bound method Poppy.raise_arms_forward of <Poppy(Thread-1, started 10788)>>
0
	2021-08-05
13:14:41
<bound method Poppy.raise_arms_bend_elbows of <Poppy(Thread-1, started 10788)>>
0
	2021-08-05
13:14:41
cognitive mission
	cognitive mission 1 - Failure
	cognitive mission 1 - success
	cognitive mission 1 - Failure
	2021-08-05
13:15:56
<bound method Poppy.raise_arms_forward_turn of <Poppy(Thread-1, started 10788)>>
0

physical training
	2021-08-05
13:18:47
<bound method Poppy.raise_arms_forward_separate of <Poppy(Thread-1, started 12052)>>
0
	2021-08-05
13:18:54
raise right arm forward
0

success
100
	2021-08-05
13:19:14
raise left arm forward
0
	2021-08-05
13:19:36
<bound method Poppy.raise_arms_forward_turn of <Poppy(Thread-1, started 12052)>>
0
	2021-08-05
13:20:03
<bound method Poppy.open_and_close_arms_90 of <Poppy(Thread-1, started 12052)>>
0

success
100

success
100
	2021-08-05
13:20:27
<bound method Poppy.raise_arms_horizontally_separate of <Poppy(Thread-1, started 12052)>>
0
	2021-08-05
13:20:34
raise right arm horizontally
0

success
100
	2021-08-05
13:20:53
raise left arm horizontally
0

success
100
	2021-08-05
13:21:13
<bound method Poppy.raise_arms_horizontally of <Poppy(Thread-1, started 12052)>>
0

success
100
	2021-08-05
13:21:13
cognitive mission
	cognitive mission 1 - success
	cognitive mission 1 - Failure
	cognitive mission 1 - Failure

physical training
	2021-08-05
13:26:32
<bound method Poppy.raise_arms_forward of <Poppy(Thread-1, started 8012)>>
0

success
100
	2021-08-05
13:26:52
<bound method Poppy.raise_arms_bend_elbows of <Poppy(Thread-1, started 8012)>>
0

success
100
	2021-08-05
13:26:52
cognitive mission
	cognitive mission 4 - Failure
	cognitive mission 4 - success
	cognitive mission 4 - success
	2021-08-05
13:27:36
<bound method Poppy.raise_arms_forward_turn of <Poppy(Thread-1, started 8012)>>
0

success
100

Anotherworkout

physical training
	2021-08-05
13:28:14
<bound method Poppy.raise_arms_forward of <Poppy(Thread-1, started 8012)>>
0
	2021-08-05
13:28:34
<bound method Poppy.raise_arms_horizontally_separate of <Poppy(Thread-1, started 8012)>>
0
	2021-08-05
13:28:41
raise right arm horizontally
0
	2021-08-05
13:29:00
raise left arm horizontally
0

success
100
	2021-08-05
13:29:20
<bound method Poppy.raise_arms_horizontally of <Poppy(Thread-1, started 8012)>>
0
	good
bye

physical training
	2021-08-05
13:31:20
<bound method Poppy.open_and_close_arms_90 of <Poppy(Thread-1, started 11324)>>
0
	2021-08-05
13:31:45
<bound method Poppy.bend_elbows of <Poppy(Thread-1, started 11324)>>
0
	2021-08-05
13:32:03
<bound method Poppy.raise_arms_horizontally of <Poppy(Thread-1, started 11324)>>
0

Anotherworkout

physical training
	2021-08-05
13:32:48
<bound method Poppy.raise_arms_forward_turn of <Poppy(Thread-1, started 11324)>>
0
	2021-08-05
13:33:14
<bound method Poppy.open_and_close_arms_90 of <Poppy(Thread-1, started 11324)>>
0
	2021-08-05
13:33:39
<bound method Poppy.raise_arms_forward of <Poppy(Thread-1, started 11324)>>
0
	good
bye

physical training
	2021-08-05
14:05:29
<bound method Poppy.open_and_close_arms_90 of <Poppy(Thread-1, started 2192)>>
0
	2021-08-05
14:05:53
<bound method Poppy.raise_arms_bend_elbows of <Poppy(Thread-1, started 2192)>>
0
	2021-08-05
14:05:53
cognitive mission
	cognitive mission 5 - success
	cognitive mission 5 - success
	cognitive mission 5 - success
	2021-08-05
14:06:41
<bound method Poppy.bend_elbows of <Poppy(Thread-1, started 2192)>>
0
	2021-08-05
14:06:59
<bound method Poppy.raise_arms_horizontally_separate of <Poppy(Thread-1, started 2192)>>
0
	2021-08-05
14:07:06
raise right arm horizontally
0
	2021-08-05
14:07:24
raise left arm horizontally
0

success
100
	2021-08-05
14:07:45
<bound method Poppy.raise_arms_forward_turn of <Poppy(Thread-1, started 2192)>>
0
	2021-08-05
14:08:11
<bound method Poppy.raise_arms_horizontally of <Poppy(Thread-1, started 2192)>>
0

success
100

success
100
	2021-08-05
14:08:29
<bound method Poppy.raise_arms_horizontally_turn of <Poppy(Thread-1, started 2192)>>
0

success
100
	2021-08-05
14:08:56
<bound method Poppy.raise_arms_forward of <Poppy(Thread-1, started 2192)>>
0

success
100
	2021-08-05
14:09:17
<bound method Poppy.raise_arms_forward_separate of <Poppy(Thread-1, started 2192)>>
0
	2021-08-05
14:09:24
raise right arm forward
0

success
100
	2021-08-05
14:09:44
raise left arm forward
0

success
100

physical training

Anotherworkout

physical training

The weight is 0.5 KG

physical training
	2021-10-04
12:25:13
<bound method Poppy.bend_elbows of <Poppy(Thread-1, started 18744)>>
0
	2021-10-04
12:25:31
<bound method Poppy.raise_arms_horizontally of <Poppy(Thread-1, started 18744)>>
0
	2021-10-04
12:25:31
cognitive mission
	cognitive mission 5 - Failure
	cognitive mission 5 - success
	cognitive mission 5 - Failure
	2021-10-04
12:26:35
<bound method Poppy.raise_arms_forward of <Poppy(Thread-1, started 18744)>>
0
	2021-10-04
12:26:57
<bound method Poppy.raise_arms_forward_turn of <Poppy(Thread-1, started 18744)>>
0
	2021-10-04
12:27:24
<bound method Poppy.open_and_close_arms_90 of <Poppy(Thread-1, started 18744)>>
0
	2021-10-04
12:27:49
<bound method Poppy.raise_arms_forward_separate of <Poppy(Thread-1, started 18744)>>
0
	2021-10-04
12:27:56
raise right arm forward
0
	2021-10-04
12:28:17
raise left arm forward
0
	2021-10-04
12:28:39
<bound method Poppy.raise_arms_bend_elbows of <Poppy(Thread-1, started 18744)>>
0
	2021-10-04
12:29:00
<bound method Poppy.raise_arms_horizontally_separate of <Poppy(Thread-1, started 18744)>>
0
	2021-10-04
12:29:07
raise right arm horizontally
0
	2021-10-04
12:29:26
raise left arm horizontally
0
	2021-10-04
12:29:47
<bound method Poppy.raise_arms_horizontally_turn of <Poppy(Thread-1, started 18744)>>
0

physical training
	2021-10-04
16:40:31
<bound method Poppy.raise_arms_horizontally of <Poppy(Thread-1, started 19588)>>
0
	2021-10-04
16:40:49
<bound method Poppy.raise_arms_bend_elbows of <Poppy(Thread-1, started 19588)>>
0
	2021-10-04
16:40:49
cognitive mission

physical training

physical training
	2021-10-05
16:47:46
<bound method Poppy.raise_arms_horizontally_separate of <Poppy(Thread-1, started 16292)>>
0
	2021-10-05
16:47:53
raise right arm horizontally
0
	2021-10-05
16:48:13
raise left arm horizontally
0
	2021-10-05
16:48:34
<bound method Poppy.raise_arms_horizontally_turn of <Poppy(Thread-1, started 16292)>>
0

physical training

physical training

physical training

The weight is 1KG
	2021-10-05
17:06:04
<bound method Poppy.bend_elbows of <Poppy(Thread-1, started 25308)>>
0
	2021-10-05
17:06:22
<bound method Poppy.raise_arms_horizontally of <Poppy(Thread-1, started 25308)>>
0

physical training
	2021-10-06
11:45:18
<bound method Poppy.raise_arms_horizontally_turn of <Poppy(Thread-1, started 16408)>>
0
	2021-10-06
11:45:47
<bound method Poppy.bend_elbows of <Poppy(Thread-1, started 16408)>>
0
	2021-10-06
11:46:04
<bound method Poppy.open_and_close_arms_90 of <Poppy(Thread-1, started 16408)>>
0
	2021-10-06
11:46:04
cognitive mission

physical training
	2021-10-06
18:18:43
<bound method Poppy.raise_arms_bend_elbows of <Poppy(Thread-1, started 31532)>>
0
	2021-10-06
18:19:03
<bound method Poppy.raise_arms_horizontally_turn of <Poppy(Thread-1, started 31532)>>
0
	2021-10-06
18:19:03
cognitive mission

physical training
	2021-10-12
11:58:08
<bound method Poppy.bend_elbows of <Poppy(Thread-1, started 11992)>>
0
	2021-10-12
11:58:26
<bound method Poppy.raise_arms_horizontally_turn of <Poppy(Thread-1, started 11992)>>
0

physical training
	2021-10-12
15:36:22
<bound method Poppy.bend_elbows of <Poppy(Thread-1, started 13572)>>
0
	2021-10-12
15:36:40
<bound method Poppy.raise_arms_forward_separate of <Poppy(Thread-1, started 13572)>>
0
	2021-10-12
15:36:47
raise right arm forward
0
	2021-10-12
15:37:08
raise left arm forward
0
	2021-10-12
15:36:40
cognitive mission
	cognitive mission 5 - success
	cognitive mission 5 - success
	cognitive mission 5 - success
	2021-10-12
15:38:13
<bound method Poppy.raise_arms_horizontally_turn of <Poppy(Thread-1, started 13572)>>
0
	2021-10-12
15:38:39
<bound method Poppy.raise_arms_horizontally of <Poppy(Thread-1, started 13572)>>
0
	2021-10-12
15:38:57
<bound method Poppy.raise_arms_forward of <Poppy(Thread-1, started 13572)>>
0
	2021-10-12
15:39:18
<bound method Poppy.raise_arms_bend_elbows of <Poppy(Thread-1, started 13572)>>
0
	2021-10-12
15:39:38
<bound method Poppy.open_and_close_arms_90 of <Poppy(Thread-1, started 13572)>>
0
	2021-10-12
15:40:04
<bound method Poppy.raise_arms_forward_turn of <Poppy(Thread-1, started 13572)>>
0
	2021-10-12
15:40:28
<bound method Poppy.raise_arms_horizontally_separate of <Poppy(Thread-1, started 13572)>>
0
	2021-10-12
15:40:35
raise right arm horizontally
0
	2021-10-12
15:40:54
raise left arm horizontally
0

Anotherworkout

2021-10-12
15:41:39
Relaxation mode

physical training after relaxation

The weight is 1KG
	2021-10-12
15:46:10
<bound method Poppy.raise_arms_forward_turn of <Poppy(Thread-1, started 13572)>>
0
	2021-10-12
15:46:34
<bound method Poppy.raise_arms_horizontally_separate of <Poppy(Thread-1, started 13572)>>
0
	2021-10-12
15:46:41
raise right arm horizontally
0
	2021-10-12
15:47:00
raise left arm horizontally
0
	2021-10-12
15:47:21
<bound method Poppy.raise_arms_horizontally_turn of <Poppy(Thread-1, started 13572)>>
0
	2021-10-12
15:47:21
cognitive mission

The weight is 0.5 KG

The weight is 1KG
	cognitive mission 5 - success
	cognitive mission 5 - success
	cognitive mission 5 - success
	2021-10-12
15:49:03
<bound method Poppy.raise_arms_bend_elbows of <Poppy(Thread-1, started 13572)>>
0
	2021-10-12
15:49:23
<bound method Poppy.bend_elbows of <Poppy(Thread-1, started 13572)>>
0
	2021-10-12
15:49:41
<bound method Poppy.raise_arms_forward of <Poppy(Thread-1, started 13572)>>
0
	2021-10-12
15:50:02
<bound method Poppy.raise_arms_horizontally of <Poppy(Thread-1, started 13572)>>
0
	2021-10-12
15:50:20
<bound method Poppy.raise_arms_forward_separate of <Poppy(Thread-1, started 13572)>>
0
	2021-10-12
15:50:27
raise right arm forward
0
	2021-10-12
15:50:47
raise left arm forward
0
	2021-10-12
15:51:09
<bound method Poppy.open_and_close_arms_90 of <Poppy(Thread-1, started 13572)>>
0
	good
bye

physical training

The weight is 1KG
	2021-10-12
15:58:51
<bound method Poppy.raise_arms_forward_turn of <Poppy(Thread-1, started 2820)>>
0
	2021-10-12
15:59:17
<bound method Poppy.raise_arms_forward of <Poppy(Thread-1, started 2820)>>
0
	2021-10-12
15:59:38
<bound method Poppy.open_and_close_arms_90 of <Poppy(Thread-1, started 2820)>>
0
	2021-10-12
16:00:03
<bound method Poppy.raise_arms_horizontally_turn of <Poppy(Thread-1, started 2820)>>
0
	2021-10-12
16:00:03
cognitive mission
	cognative mission maths- success
	2021-10-12
16:01:09
<bound method Poppy.raise_arms_horizontally of <Poppy(Thread-1, started 2820)>>
0
	2021-10-12
16:01:27
<bound method Poppy.raise_arms_horizontally_separate of <Poppy(Thread-1, started 2820)>>
0
	2021-10-12
16:01:34
raise right arm horizontally
0
	2021-10-12
16:01:53
raise left arm horizontally
0
	2021-10-12
16:02:14
<bound method Poppy.raise_arms_forward_separate of <Poppy(Thread-1, started 2820)>>
0
	2021-10-12
16:02:22
raise right arm forward
0
	2021-10-12
16:02:42
raise left arm forward
0
	2021-10-12
16:03:05
<bound method Poppy.raise_arms_bend_elbows of <Poppy(Thread-1, started 2820)>>
0
	2021-10-12
16:03:25
<bound method Poppy.bend_elbows of <Poppy(Thread-1, started 2820)>>
0
	good
bye

physical training

physical training

The weight is 0.5 KG
	2021-10-12
16:20:31
<bound method Poppy.bend_elbows of <Poppy(Thread-1, started 18452)>>
0
	2021-10-12
16:20:50
<bound method Poppy.open_and_close_arms_90 of <Poppy(Thread-1, started 18452)>>
0
	2021-10-12
16:21:14
<bound method Poppy.raise_arms_horizontally_separate of <Poppy(Thread-1, started 18452)>>
0
	2021-10-12
16:21:21
raise right arm horizontally
0
	2021-10-12
16:21:41
raise left arm horizontally
0
	2021-10-12
16:21:14
cognitive mission
	cognative mission maths- success
	2021-10-12
16:22:26
<bound method Poppy.raise_arms_bend_elbows of <Poppy(Thread-1, started 18452)>>
0
	2021-10-12
16:22:47
<bound method Poppy.raise_arms_horizontally_turn of <Poppy(Thread-1, started 18452)>>
0
	2021-10-12
16:23:14
<bound method Poppy.raise_arms_forward_separate of <Poppy(Thread-1, started 18452)>>
0
	2021-10-12
16:23:21
raise right arm forward
0
	2021-10-12
16:23:41
raise left arm forward
0

physical training
	2021-10-12
16:49:00
<bound method Poppy.raise_arms_horizontally_separate of <Poppy(Thread-1, started 13336)>>
0
	2021-10-12
16:49:07
raise right arm horizontally
0
	2021-10-12
16:49:26
raise left arm horizontally
0
	2021-10-12
16:49:47
<bound method Poppy.raise_arms_forward_separate of <Poppy(Thread-1, started 13336)>>
0
	2021-10-12
16:49:54
raise right arm forward
0
	2021-10-12
16:50:15
raise left arm forward
0
	2021-10-12
16:50:37
<bound method Poppy.raise_arms_horizontally_turn of <Poppy(Thread-1, started 13336)>>
0
	2021-10-12
16:51:04
<bound method Poppy.raise_arms_bend_elbows of <Poppy(Thread-1, started 13336)>>
0
	2021-10-12
16:51:27
<bound method Poppy.raise_arms_forward of <Poppy(Thread-1, started 13336)>>
0
	2021-10-12
16:51:27
cognitive mission

The weight is 0.5 KG

The weight is 1KG

The weight is 1KG

The weight is 1KG

The weight is 0.5 KG

The weight is 0.5 KG

physical training
	2021-10-12
17:26:01
<bound method Poppy.open_and_close_arms_90 of <Poppy(Thread-1, started 13952)>>
0
	2021-10-12
17:26:25
<bound method Poppy.raise_arms_forward_turn of <Poppy(Thread-1, started 13952)>>
0
	2021-10-12
17:26:53
<bound method Poppy.raise_arms_bend_elbows of <Poppy(Thread-1, started 13952)>>
0
	2021-10-12
17:26:53
cognitive mission
	cognitive mission 1 - Failure
	cognitive mission 1 - success
	cognitive mission 1 - success
	2021-10-12
17:28:43
<bound method Poppy.raise_arms_forward_separate of <Poppy(Thread-1, started 13952)>>
0
	2021-10-12
17:28:50
raise right arm forward
0
	2021-10-12
17:29:11
raise left arm forward
0
	2021-10-12
17:29:33
<bound method Poppy.bend_elbows of <Poppy(Thread-1, started 13952)>>
0

physical training
	2021-10-12
17:31:54
<bound method Poppy.raise_arms_horizontally_turn of <Poppy(Thread-1, started 20284)>>
0
	2021-10-12
17:32:22
<bound method Poppy.raise_arms_bend_elbows of <Poppy(Thread-1, started 20284)>>
0
	2021-10-12
17:32:22
cognitive mission
	cognitive mission 2 - Failure
	cognitive mission 2 - success
	cognitive mission 2 - success
	cognitive mission 2 - Failure
	2021-10-12
17:34:12
<bound method Poppy.raise_arms_forward_separate of <Poppy(Thread-1, started 20284)>>
0
	2021-10-12
17:34:19
raise right arm forward
0
	2021-10-12
17:34:40
raise left arm forward
0

physical training
	2021-10-13
15:22:36
<bound method Poppy.raise_arms_horizontally of <Poppy(Thread-1, started 28564)>>
0
	2021-10-13
15:22:53
<bound method Poppy.open_and_close_arms_90 of <Poppy(Thread-1, started 28564)>>
0
	2021-10-13
15:22:53
cognitive mission
	cognitive mission 2 - Failure
	cognitive mission 2 - success
	cognitive mission 2 - Failure
	2021-10-13
15:24:41
<bound method Poppy.raise_arms_horizontally_turn of <Poppy(Thread-1, started 28564)>>
0
	2021-10-13
15:25:06
<bound method Poppy.raise_arms_forward of <Poppy(Thread-1, started 28564)>>
0

physical training

The weight is 0.5 KG
	2021-10-13
15:26:38
<bound method Poppy.bend_elbows of <Poppy(Thread-1, started 26844)>>
0
	2021-10-13
15:26:55
<bound method Poppy.raise_arms_forward_turn of <Poppy(Thread-1, started 26844)>>
0
	2021-10-13
15:27:18
<bound method Poppy.raise_arms_horizontally of <Poppy(Thread-1, started 26844)>>
0
	2021-10-13
15:27:37
<bound method Poppy.raise_arms_horizontally_turn of <Poppy(Thread-1, started 26844)>>
0
	2021-10-13
15:27:37
cognitive mission
	cognitive mission 1 - Failure
	cognitive mission 1 - Failure
	cognitive mission 1 - Failure
	cognitive mission 1 - success
	2021-10-13
15:29:18
<bound method Poppy.raise_arms_bend_elbows of <Poppy(Thread-1, started 26844)>>
0
	2021-10-13
15:29:39
<bound method Poppy.raise_arms_horizontally_separate of <Poppy(Thread-1, started 26844)>>
0
	2021-10-13
15:29:46
raise right arm horizontally
0
	2021-10-13
15:30:05
raise left arm horizontally
0
	2021-10-13
15:30:26
<bound method Poppy.open_and_close_arms_90 of <Poppy(Thread-1, started 26844)>>
0
	2021-10-13
15:30:49
<bound method Poppy.raise_arms_forward_separate of <Poppy(Thread-1, started 26844)>>
0
	2021-10-13
15:30:56
raise right arm forward
0
	2021-10-13
15:31:17
raise left arm forward
0
	2021-10-13
15:31:38
<bound method Poppy.raise_arms_forward of <Poppy(Thread-1, started 26844)>>
0
	good
bye

physical training
	2021-10-13
15:35:27
<bound method Poppy.raise_arms_horizontally of <Poppy(Thread-1, started 21924)>>
0
	2021-10-13
15:35:45
<bound method Poppy.raise_arms_horizontally_separate of <Poppy(Thread-1, started 21924)>>
0
	2021-10-13
15:35:52
raise right arm horizontally
0
	2021-10-13
15:36:11
raise left arm horizontally
0
	2021-10-13
15:36:33
<bound method Poppy.open_and_close_arms_90 of <Poppy(Thread-1, started 21924)>>
0
	2021-10-13
15:36:33
cognitive mission
	cognitive mission 4 - Failure
	cognitive mission 4 - success
	cognitive mission 4 - Failure
	2021-10-13
15:39:13
<bound method Poppy.raise_arms_forward_turn of <Poppy(Thread-1, started 21924)>>
0

physical training
	2021-10-13
15:40:52
<bound method Poppy.raise_arms_forward_separate of <Poppy(Thread-1, started 4780)>>
0
	2021-10-13
15:40:59
raise right arm forward
0
	2021-10-13
15:41:19
raise left arm forward
0
	2021-10-13
15:41:42
<bound method Poppy.raise_arms_horizontally of <Poppy(Thread-1, started 4780)>>
0
	2021-10-13
15:42:00
<bound method Poppy.raise_arms_forward_turn of <Poppy(Thread-1, started 4780)>>
0
	2021-10-13
15:42:00
cognitive mission
	cognitive mission 5 - Failure
	cognitive mission 5 - success
	cognitive mission 5 - success
	2021-10-13
15:50:13
<bound method Poppy.raise_arms_horizontally_separate of <Poppy(Thread-1, started 4780)>>
0
	2021-10-13
15:50:20
raise right arm horizontally
0

physical training
	2021-10-13
15:52:02
<bound method Poppy.bend_elbows of <Poppy(Thread-1, started 17876)>>
0
	2021-10-13
15:52:19
<bound method Poppy.raise_arms_horizontally_turn of <Poppy(Thread-1, started 17876)>>
0
	2021-10-13
15:52:43
<bound method Poppy.raise_arms_horizontally of <Poppy(Thread-1, started 17876)>>
0
	2021-10-13
15:53:01
<bound method Poppy.raise_arms_forward_separate of <Poppy(Thread-1, started 17876)>>
0
	2021-10-13
15:53:09
raise right arm forward
0
	2021-10-13
15:53:29
raise left arm forward
0
	2021-10-13
15:53:50
<bound method Poppy.raise_arms_forward_turn of <Poppy(Thread-1, started 17876)>>
0
	2021-10-13
15:53:50
cognitive mission
	cognative mission maths- success
	2021-10-13
15:54:46
<bound method Poppy.open_and_close_arms_90 of <Poppy(Thread-1, started 17876)>>
0
	cognative mission maths- success
	2021-10-13
15:55:10
<bound method Poppy.raise_arms_forward of <Poppy(Thread-1, started 17876)>>
0

physical training
	2021-10-13
16:07:56
<bound method Poppy.bend_elbows of <Poppy(Thread-1, started 17864)>>
0
	2021-10-13
16:08:13
<bound method Poppy.raise_arms_forward of <Poppy(Thread-1, started 17864)>>
0
	2021-10-13
16:08:34
<bound method Poppy.raise_arms_horizontally_separate of <Poppy(Thread-1, started 17864)>>
0
	2021-10-13
16:08:41
raise right arm horizontally
0
	2021-10-13
16:09:00
raise left arm horizontally
0
	2021-10-13
16:09:20
<bound method Poppy.raise_arms_horizontally of <Poppy(Thread-1, started 17864)>>
0
	2021-10-13
16:09:38
<bound method Poppy.open_and_close_arms_90 of <Poppy(Thread-1, started 17864)>>
0
	2021-10-13
16:09:38
cognitive mission

The weight is 1KG

physical training
	2021-10-13
16:13:36
<bound method Poppy.bend_elbows of <Poppy(Thread-1, started 17524)>>
0
	2021-10-13
16:13:52
<bound method Poppy.raise_arms_forward_turn of <Poppy(Thread-1, started 17524)>>
0
	2021-10-13
16:14:15
<bound method Poppy.open_and_close_arms_90 of <Poppy(Thread-1, started 17524)>>
0
	2021-10-13
16:14:37
<bound method Poppy.raise_arms_forward of <Poppy(Thread-1, started 17524)>>
0
	2021-10-13
16:14:58
<bound method Poppy.raise_arms_bend_elbows of <Poppy(Thread-1, started 17524)>>
0
	2021-10-13
16:14:58
cognitive mission
	cognitive mission 1 - success
	cognitive mission 1 - success
	cognitive mission 1 - Failure
	2021-10-13
16:16:47
<bound method Poppy.raise_arms_horizontally_separate of <Poppy(Thread-1, started 17524)>>
0
	2021-10-13
16:16:55
raise right arm horizontally
0
	2021-10-13
16:17:13
raise left arm horizontally
0
	2021-10-13
16:17:34
<bound method Poppy.raise_arms_horizontally_turn of <Poppy(Thread-1, started 17524)>>
0
	2021-10-13
16:17:58
<bound method Poppy.raise_arms_forward_separate of <Poppy(Thread-1, started 17524)>>
0
	2021-10-13
16:18:05
raise right arm forward
0
	2021-10-13
16:18:25
raise left arm forward
0
	2021-10-13
16:18:47
<bound method Poppy.raise_arms_horizontally of <Poppy(Thread-1, started 17524)>>
0
	good
bye

physical training
	2021-10-14
16:07:17
<bound method Poppy.raise_arms_forward_turn of <Poppy(Thread-1, started 20324)>>
0

physical training

physical training
	2021-10-19
12:16:54
<bound method Poppy.open_and_close_arms_90 of <Poppy(Thread-1, started 15836)>>
0
	2021-10-19
12:17:16
<bound method Poppy.raise_arms_forward_turn of <Poppy(Thread-1, started 15836)>>
0
	2021-10-19
12:17:37
<bound method Poppy.raise_arms_horizontally of <Poppy(Thread-1, started 15836)>>
0
	2021-10-19
12:17:55
<bound method Poppy.raise_arms_horizontally_separate of <Poppy(Thread-1, started 15836)>>
0
	2021-10-19
12:18:02
raise right arm horizontally
0
	2021-10-19
12:18:21
raise left arm horizontally
0
	2021-10-19
12:17:55
cognitive mission

physical training
	2021-10-19
12:27:24
<bound method Poppy.raise_arms_forward of <Poppy(Thread-1, started 29288)>>
0
	2021-10-19
12:27:44
<bound method Poppy.raise_arms_horizontally of <Poppy(Thread-1, started 29288)>>
0
	2021-10-19
12:27:44
cognitive mission

physical training
	2021-10-19
12:46:23
<bound method Poppy.raise_arms_bend_elbows of <Poppy(Thread-1, started 22540)>>
0
	2021-10-19
12:46:42
<bound method Poppy.raise_arms_horizontally_separate of <Poppy(Thread-1, started 22540)>>
0
	2021-10-19
12:46:49
raise right arm horizontally
0
	2021-10-19
12:47:08
raise left arm horizontally
0
	2021-10-19
12:47:29
<bound method Poppy.raise_arms_horizontally of <Poppy(Thread-1, started 22540)>>
0
	good
bye

physical training
	2021-10-19
12:50:02
<bound method Poppy.raise_arms_horizontally_turn of <Poppy(Thread-1, started 25828)>>
0
	2021-10-19
12:50:23
<bound method Poppy.raise_arms_horizontally of <Poppy(Thread-1, started 25828)>>
0
	2021-10-19
12:50:41
<bound method Poppy.raise_arms_bend_elbows of <Poppy(Thread-1, started 25828)>>
0
	2021-10-19
12:51:01
<bound method Poppy.bend_elbows of <Poppy(Thread-1, started 25828)>>
0
	2021-10-19
12:51:17
<bound method Poppy.raise_arms_forward of <Poppy(Thread-1, started 25828)>>
0
	2021-10-19
12:51:17
cognitive mission

physical training
	2021-10-19
12:58:54
<bound method Poppy.raise_arms_horizontally_separate of <Poppy(Thread-1, started 27184)>>
0
	2021-10-19
12:59:01
raise right arm horizontally
0
	2021-10-19
12:59:20
raise left arm horizontally
0
	2021-10-19
12:59:41
<bound method Poppy.raise_arms_forward of <Poppy(Thread-1, started 27184)>>
0
	2021-10-19
13:00:01
<bound method Poppy.bend_elbows of <Poppy(Thread-1, started 27184)>>
0
	2021-10-19
13:00:17
<bound method Poppy.raise_arms_horizontally_turn of <Poppy(Thread-1, started 27184)>>
0
	2021-10-19
13:00:17
cognitive mission
	cognitive mission 1 - success
	cognitive mission 1 - success
	cognitive mission 1 - Failure
	2021-10-19
13:01:56
<bound method Poppy.raise_arms_forward_separate of <Poppy(Thread-1, started 27184)>>
0
	2021-10-19
13:02:03
raise right arm forward
0
	2021-10-19
13:02:23
raise left arm forward
0
	good
bye

physical training
	2021-10-19
16:40:22
<bound method Poppy.raise_arms_forward_separate of <Poppy(Thread-1, started 6836)>>
0
	2021-10-19
16:40:29
raise right arm forward
0
	2021-10-19
16:40:48
raise left arm forward
0
	2021-10-19
16:41:08
<bound method Poppy.bend_elbows of <Poppy(Thread-1, started 6836)>>
0
	2021-10-19
16:41:08
cognitive mission

physical training
	2021-10-19
16:43:24
<bound method Poppy.raise_arms_horizontally_turn of <Poppy(Thread-1, started 18016)>>
0
	2021-10-19
16:43:42
<bound method Poppy.open_and_close_arms_90 of <Poppy(Thread-1, started 18016)>>
0
	2021-10-19
16:44:02
<bound method Poppy.raise_arms_forward_turn of <Poppy(Thread-1, started 18016)>>
0
	2021-10-19
16:44:20
<bound method Poppy.raise_arms_forward of <Poppy(Thread-1, started 18016)>>
0
	2021-10-19
16:44:20
cognitive mission
	cognitive mission 2 - Failure
	cognitive mission 2 - success
	cognitive mission 2 - success
	2021-10-19
16:45:59
<bound method Poppy.raise_arms_horizontally_separate of <Poppy(Thread-1, started 18016)>>
0
	2021-10-19
16:46:06
raise right arm horizontally
0

physical training
	2021-10-19
17:45:08
<bound method Poppy.raise_arms_bend_elbows of <Poppy(Thread-1, started 26976)>>
0
	2021-10-19
17:45:26
<bound method Poppy.raise_arms_forward_turn of <Poppy(Thread-1, started 26976)>>
0
	2021-10-19
17:45:41
<bound method Poppy.raise_arms_horizontally of <Poppy(Thread-1, started 26976)>>
0
	2021-10-19
17:45:59
<bound method Poppy.raise_arms_forward_separate of <Poppy(Thread-1, started 26976)>>
0
	2021-10-19
17:46:06
raise right arm forward
0
	2021-10-19
17:46:24
raise left arm forward
0
	2021-10-19
17:45:59
cognitive mission

physical training
	2021-10-19
17:50:35
<bound method Poppy.raise_arms_horizontally_separate of <Poppy(Thread-1, started 22872)>>
0
	2021-10-19
17:50:42
raise right arm horizontally
0
	2021-10-19
17:51:01
raise left arm horizontally
0
	2021-10-19
17:51:22
<bound method Poppy.raise_arms_horizontally of <Poppy(Thread-1, started 22872)>>
0
	2021-10-19
17:51:22
cognitive mission

physical training
	2021-10-19
17:56:46
<bound method Poppy.raise_arms_forward_separate of <Poppy(Thread-1, started 18628)>>
0
	2021-10-19
17:56:53
raise right arm forward
0
	2021-10-19
17:57:12
raise left arm forward
0
	2021-10-19
17:57:33
<bound method Poppy.raise_arms_horizontally_separate of <Poppy(Thread-1, started 18628)>>
0
	2021-10-19
17:57:40
raise right arm horizontally
0
	2021-10-19
17:57:59
raise left arm horizontally
0
	2021-10-19
17:58:20
<bound method Poppy.raise_arms_bend_elbows of <Poppy(Thread-1, started 18628)>>
0
	2021-10-19
17:58:20
cognitive mission
	cognitive mission 4 - success
	cognitive mission 4 - success
	cognitive mission 4 - success
	2021-10-19
17:59:54
<bound method Poppy.open_and_close_arms_90 of <Poppy(Thread-1, started 18628)>>
0
	cognitive mission 4 - Failure
	cognitive mission 4 - success
	cognitive mission 4 - success
	cognitive mission 4 - success
	cognitive mission 4 - success
	cognitive mission 4 - Failure
	cognitive mission 4 - success
	cognitive mission 4 - success
	cognitive mission 4 - Failure
	cognitive mission 4 - success
	cognitive mission 4 - success
	cognitive mission 4 - Failure
	cognitive mission 4 - success
	cognitive mission 4 - Failure
	cognitive mission 4 - success
	cognitive mission 4 - success
	cognitive mission 4 - success
	cognitive mission 4 - Failure
	cognitive mission 4 - success
	cognitive mission 4 - success
	cognitive mission 4 - success
	cognitive mission 4 - Failure
	cognitive mission 4 - success
	cognitive mission 4 - success
	cognitive mission 4 - Failure
	cognitive mission 4 - success
	cognitive mission 4 - success
	cognitive mission 4 - Failure
	cognitive mission 4 - success
	cognitive mission 4 - success
	cognitive mission 4 - Failure
	cognitive mission 4 - success
	cognitive mission 4 - success
	cognitive mission 4 - Failure
	cognitive mission 4 - success
	cognitive mission 4 - success
	cognitive mission 4 - Failure

physical training
	2021-10-20
10:01:23
<bound method Poppy.bend_elbows of <Poppy(Thread-1, started 18372)>>
0
	2021-10-20
10:01:38
<bound method Poppy.raise_arms_forward_separate of <Poppy(Thread-1, started 18372)>>
0
	2021-10-20
10:01:45
raise right arm forward
0
	2021-10-20
10:02:04
raise left arm forward
0
	2021-10-20
10:02:24
<bound method Poppy.raise_arms_bend_elbows of <Poppy(Thread-1, started 18372)>>
0
	2021-10-20
10:02:24
cognitive mission
	cognitive mission 1 - success
	cognitive mission 1 - success
	cognitive mission 1 - success
	2021-10-20
10:04:11
<bound method Poppy.open_and_close_arms_90 of <Poppy(Thread-1, started 18372)>>
0

physical training
	2021-10-20
10:06:20
<bound method Poppy.bend_elbows of <Poppy(Thread-1, started 23056)>>
0
	2021-10-20
10:06:35
<bound method Poppy.raise_arms_bend_elbows of <Poppy(Thread-1, started 23056)>>
0
	2021-10-20
10:06:53
<bound method Poppy.raise_arms_horizontally of <Poppy(Thread-1, started 23056)>>
0
	2021-10-20
10:06:53
cognitive mission
	cognitive mission 2 - success
	cognitive mission 2 - success
	cognitive mission 2 - Failure
	cognitive mission 2 - success
	2021-10-20
10:08:25
<bound method Poppy.raise_arms_horizontally_turn of <Poppy(Thread-1, started 23056)>>
0

physical training
	2021-10-20
10:11:32
<bound method Poppy.raise_arms_horizontally_turn of <Poppy(Thread-1, started 27216)>>
0
	2021-10-20
10:11:50
<bound method Poppy.raise_arms_horizontally of <Poppy(Thread-1, started 27216)>>
0
	2021-10-20
10:12:08
<bound method Poppy.raise_arms_forward_turn of <Poppy(Thread-1, started 27216)>>
0
	2021-10-20
10:12:26
<bound method Poppy.raise_arms_forward_separate of <Poppy(Thread-1, started 27216)>>
0
	2021-10-20
10:12:33
raise right arm forward
0
	2021-10-20
10:12:52
raise left arm forward
0
	2021-10-20
10:12:26
cognitive mission
	cognitive mission 2 - success
	cognitive mission 2 - Failure
	cognitive mission 2 - success
	good
bye

physical training
	2021-10-20
10:19:54
<bound method Poppy.raise_arms_forward of <Poppy(Thread-1, started 20172)>>
0
	2021-10-20
10:20:13
<bound method Poppy.raise_arms_bend_elbows of <Poppy(Thread-1, started 20172)>>
0
	2021-10-20
10:20:32
<bound method Poppy.raise_arms_forward_separate of <Poppy(Thread-1, started 20172)>>
0
	2021-10-20
10:20:39
raise right arm forward
0
	2021-10-20
10:20:58
raise left arm forward
0
	2021-10-20
10:21:18
<bound method Poppy.raise_arms_horizontally of <Poppy(Thread-1, started 20172)>>
0
	2021-10-20
10:21:18
cognitive mission
	cognitive mission 5 - success
	cognitive mission 5 - success
	cognitive mission 5 - success
	cognitive mission 4 - success
	cognitive mission 4 - success
	cognitive mission 4 - Failure
	cognitive mission 4 - success
	cognitive mission 4 - Failure
	cognitive mission 4 - success
	cognitive mission 4 - success
	cognitive mission 4 - success
	cognitive mission 4 - Failure
	cognative mission maths- success
	cognative mission maths- success
	cognative mission maths- success
	cognative mission maths- success
	cognative mission maths- success
	cognative mission maths- success
	cognative mission maths- success
	cognative mission maths- success
	cognative mission maths- Failure
	cognative mission maths- success
	cognative mission maths- success
	cognative mission maths- success
	cognative mission maths- success

physical training
	2021-10-20
10:44:11
<bound method Poppy.raise_arms_forward_turn of <Poppy(Thread-1, started 18384)>>
0
	2021-10-20
10:44:28
<bound method Poppy.raise_arms_forward of <Poppy(Thread-1, started 18384)>>
0
	2021-10-20
10:44:48
<bound method Poppy.raise_arms_horizontally_separate of <Poppy(Thread-1, started 18384)>>
0
	2021-10-20
10:44:55
raise right arm horizontally
0
	2021-10-20
10:45:14
raise left arm horizontally
0
	2021-10-20
10:45:35
<bound method Poppy.raise_arms_horizontally_turn of <Poppy(Thread-1, started 18384)>>
0
	good
bye

physical training
	2021-10-20
10:52:37
<bound method Poppy.raise_arms_horizontally_turn of <Poppy(Thread-1, started 23852)>>
0
	2021-10-20
10:52:55
<bound method Poppy.raise_arms_forward_turn of <Poppy(Thread-1, started 23852)>>
0
	2021-10-20
10:53:12
<bound method Poppy.raise_arms_forward_separate of <Poppy(Thread-1, started 23852)>>
0
	2021-10-20
10:53:19
raise right arm forward
0
	2021-10-20
10:53:38
raise left arm forward
0
	2021-10-20
10:53:59
<bound method Poppy.raise_arms_horizontally of <Poppy(Thread-1, started 23852)>>
0
	good
bye
	cognative mission maths- success
	cognative mission maths- success
	cognative mission maths- success
	cognative mission maths- success
	cognative mission maths- success
	cognative mission maths- success
	cognitive mission 4 - success
	cognitive mission 4 - success
	cognitive mission 4 - Failure
	cognitive mission 4 - success
	cognitive mission 4 - success
	cognitive mission 4 - Failure
	cognitive mission 4 - Failure
	cognitive mission 4 - success
	cognitive mission 4 - success
	cognitive mission 4 - success
	cognitive mission 4 - Failure
	cognitive mission 4 - success
	cognitive mission 4 - Failure
	cognitive mission 4 - success
	cognitive mission 4 - success

2021-10-25
12:34:43
Relaxation mode

physical training after relaxation
	2021-10-25
12:40:31
<bound method Poppy.raise_arms_bend_elbows of <Poppy(Thread-1, started 20756)>>
0
	2021-10-25
12:40:50
<bound method Poppy.bend_elbows of <Poppy(Thread-1, started 20756)>>
0
	2021-10-25
12:40:50
cognitive mission

2021-10-25
12:43:11
Relaxation mode

2021-10-25
12:45:41
Relaxation mode

2021-10-25
12:47:05
Relaxation mode
	good
bye

2021-10-25
12:52:37
Relaxation mode

physical training after relaxation
	2021-10-25
12:55:57
<bound method Poppy.raise_arms_forward of <Poppy(Thread-1, started 18660)>>
0
	2021-10-25
12:56:17
<bound method Poppy.raise_arms_bend_elbows of <Poppy(Thread-1, started 18660)>>
0
	2021-10-25
12:56:36
<bound method Poppy.raise_arms_forward_separate of <Poppy(Thread-1, started 18660)>>
0
	2021-10-25
12:56:43
raise right arm forward
0
	2021-10-25
12:57:02
raise left arm forward
0
	2021-10-25
12:57:24
<bound method Poppy.open_and_close_arms_90 of <Poppy(Thread-1, started 18660)>>
0
	2021-10-25
12:57:24
cognitive mission

physical training after relaxation

The weight is 1KG

The weight is 0.5 KG

physical training
	2021-10-25
13:09:37
<bound method Poppy.open_and_close_arms_90 of <Poppy(Thread-1, started 18848)>>
0
	2021-10-25
13:09:37
cognitive mission

physical training
	2021-10-25
13:17:23
<bound method Poppy.open_and_close_arms_90 of <Poppy(Thread-1, started 14256)>>
0
	2021-10-25
13:17:23
cognitive mission

physical training
	2021-10-25
13:20:48
<bound method Poppy.raise_arms_horizontally of <Poppy(Thread-1, started 22424)>>
0
	2021-10-25
13:20:48
cognitive mission
	cognative mission maths- success
	2021-10-25
13:21:26
<bound method Poppy.open_and_close_arms_90 of <Poppy(Thread-1, started 22424)>>
0
	2021-10-25
13:21:26
cognitive mission

physical training
	2021-10-25
13:29:46
<bound method Poppy.bend_elbows of <Poppy(Thread-1, started 2172)>>
0
	2021-10-25
13:29:46
cognitive mission
	cognitive mission 4 - Failure
	cognitive mission 4 - success
	cognitive mission 4 - success
	2021-10-25
13:30:48
<bound method Poppy.raise_arms_bend_elbows of <Poppy(Thread-1, started 2172)>>
0
	2021-10-25
13:30:48
cognitive mission
	cognitive mission 4 - Failure
	cognitive mission 4 - Failure
	cognitive mission 4 - success
	good
bye

physical training

The weight is 1KG
	2021-10-25
13:35:32
<bound method Poppy.raise_arms_forward_turn of <Poppy(Thread-1, started 32)>>
0
	2021-10-25
13:35:32
cognitive mission
	cognative mission maths- success
	2021-10-25
13:36:18
<bound method Poppy.raise_arms_bend_elbows of <Poppy(Thread-1, started 32)>>
0
	2021-10-25
13:36:18
cognitive mission
	cognative mission maths- success
	good
bye

2021-10-25
16:38:39
Relaxation mode

physical training after relaxation
	2021-10-25
16:42:22
<bound method Poppy.raise_arms_forward_separate of <Poppy(Thread-1, started 19656)>>
0
	2021-10-25
16:42:29
raise right arm forward
0
	2021-10-25
16:42:48
raise left arm forward
0
	2021-10-25
16:42:22
cognitive mission
	cognative mission maths- success
	2021-10-25
16:43:29
<bound method Poppy.bend_elbows of <Poppy(Thread-1, started 19656)>>
0
	2021-10-25
16:43:29
cognitive mission
	cognative mission maths- success
	good
bye

physical training
	2021-10-25
16:50:28
<bound method Poppy.raise_arms_forward_separate of <Poppy(Thread-1, started 7092)>>
0
	2021-10-25
16:50:35
raise right arm forward
0
	2021-10-25
16:50:54
raise left arm forward
0
	2021-10-25
16:50:28
cognitive mission
	cognative mission maths- success
	cognative mission maths- success
	cognative mission maths- success
	2021-10-25
16:51:51
<bound method Poppy.bend_elbows of <Poppy(Thread-1, started 7092)>>
0
	2021-10-25
16:51:51
cognitive mission
	cognative mission maths- Failure
	cognative mission maths- success
	cognative mission maths- success
	good
bye

physical training
	2021-10-26
10:10:52
<bound method Poppy.raise_arms_horizontally_separate of <Poppy(Thread-1, started 17840)>>
0
	2021-10-26
10:10:59
raise right arm horizontally
0
	2021-10-26
10:11:18
raise left arm horizontally
0
	2021-10-26
10:10:52
cognitive mission
	cognative mission maths- success
	cognative mission maths- success
	cognative mission maths- success
	2021-10-26
10:12:16
<bound method Poppy.bend_elbows of <Poppy(Thread-1, started 17840)>>
0
	2021-10-26
10:12:16
cognitive mission
	cognative mission maths- success
	cognative mission maths- success
	cognative mission maths- success
	good
bye

physical training

physical training

physical training
	2021-10-26
10:29:02
<bound method Poppy.raise_arms_horizontally_separate of <Poppy(Thread-1, started 22888)>>
0
	2021-10-26
10:29:09
raise right arm horizontally
0
	2021-10-26
10:29:28
raise left arm horizontally
0

physical training
	cognitive mission 4 - success
	cognitive mission 4 - Failure
	cognitive mission 4 - success
	cognitive mission 4 - success
	cognitive mission 4 - success
	cognitive mission 4 - success
	cognitive mission 4 - success
	cognitive mission 4 - success
	cognitive mission 4 - Failure
	cognitive mission 4 - Failure
	cognitive mission 4 - Failure
	cognitive mission 4 - success
	cognitive mission 4 - success
	cognitive mission 4 - Failure
	cognitive mission 4 - success
	cognitive mission 4 - Failure
	cognitive mission 4 - success
	cognitive mission 4 - success
	cognitive mission 4 - success
	cognitive mission 4 - success
	cognitive mission 4 - success
	cognitive mission 4 - success
	cognitive mission 4 - success
	cognitive mission 4 - success
	cognitive mission 4 - success
	cognitive mission 4 - success
	cognitive mission 4 - success
	cognitive mission 4 - success
	cognitive mission 4 - success

physical training
	2021-10-28
16:29:58
<bound method Poppy.raise_arms_forward of <Poppy(Thread-1, started 1832)>>
0
	2021-10-28
16:29:58
cognitive mission
	cognitive mission 2 - success
	cognitive mission 2 - success
	cognitive mission 2 - Failure
	cognitive mission 2 - success
	2021-10-28
16:31:31
<bound method Poppy.raise_arms_bend_elbows of <Poppy(Thread-1, started 1832)>>
0
	2021-10-28
16:31:31
cognitive mission
	cognitive mission 1 - success
	cognitive mission 1 - success
	cognitive mission 1 - Failure
	cognitive mission 1 - Failure
	2021-10-28
16:33:09
<bound method Poppy.raise_arms_forward_separate of <Poppy(Thread-1, started 1832)>>
0
	2021-10-28
16:33:17
raise right arm forward
0
	2021-10-28
16:33:37
raise left arm forward
0
	2021-10-28
16:33:09
cognitive mission

physical training
	2021-10-28
17:27:48
<bound method Poppy.raise_arms_forward of <Poppy(Thread-1, started 25380)>>
0
	2021-10-28
17:28:09
<bound method Poppy.open_and_close_arms_90 of <Poppy(Thread-1, started 25380)>>
0
	2021-10-28
17:28:33
<bound method Poppy.raise_arms_bend_elbows of <Poppy(Thread-1, started 25380)>>
0

physical training

physical training

physical training

physical training
	2021-10-30
15:10:56
<bound method Poppy.raise_arms_forward_separate of <Poppy(Thread-1, started 7288)>>
0
	2021-10-30
15:11:03
raise right arm forward
0
	2021-10-30
15:11:23
raise left arm forward
0
	2021-10-30
15:11:44
<bound method Poppy.raise_arms_forward of <Poppy(Thread-1, started 7288)>>
0
	2021-10-30
15:12:05
<bound method Poppy.open_and_close_arms_90 of <Poppy(Thread-1, started 7288)>>
0
	2021-10-30
15:12:05
cognitive mission
	cognitive mission 5 - success
	cognitive mission 5 - success
	cognitive mission 5 - success
	2021-10-30
15:13:11
<bound method Poppy.raise_arms_horizontally of <Poppy(Thread-1, started 7288)>>
0
	good
bye

physical training
	2021-10-30
15:37:52
<bound method Poppy.raise_arms_horizontally of <Poppy(Thread-1, started 14644)>>
0
	2021-10-30
15:38:11
<bound method Poppy.raise_arms_forward of <Poppy(Thread-1, started 14644)>>
0
	2021-10-30
15:38:31
<bound method Poppy.raise_arms_forward_separate of <Poppy(Thread-1, started 14644)>>
0
	2021-10-30
15:38:38
raise right arm forward
0
	2021-10-30
15:38:58
raise left arm forward
0
	2021-10-30
15:39:20
<bound method Poppy.raise_arms_horizontally_turn of <Poppy(Thread-1, started 14644)>>
0

physical training

Anotherworkout

The weight is 1KG
	2021-10-30
15:40:30
<bound method Poppy.raise_arms_forward_turn of <Poppy(Thread-1, started 14644)>>
0
	2021-10-30
15:40:52
<bound method Poppy.raise_arms_horizontally_turn of <Poppy(Thread-1, started 14644)>>
0

physical training
	2021-10-30
16:09:38
<bound method Poppy.raise_arms_forward_turn of <Poppy(Thread-1, started 4608)>>
0
	2021-10-30
16:10:00
<bound method Poppy.raise_arms_forward_separate of <Poppy(Thread-1, started 4608)>>
0
	2021-10-30
16:10:07
raise right arm forward
0
	2021-10-30
16:10:28
raise left arm forward
0
	2021-10-30
16:10:49
<bound method Poppy.raise_arms_horizontally_turn of <Poppy(Thread-1, started 4608)>>
0
	2021-10-30
16:11:13
<bound method Poppy.open_and_close_arms_90 of <Poppy(Thread-1, started 4608)>>
0

physical training

Anotherworkout

physical training
	2021-10-30
16:16:18
<bound method Poppy.raise_arms_forward of <Poppy(Thread-1, started 8024)>>
0
	2021-10-30
16:16:38
<bound method Poppy.raise_arms_bend_elbows of <Poppy(Thread-1, started 8024)>>
0
	2021-10-30
16:16:58
<bound method Poppy.raise_arms_forward_separate of <Poppy(Thread-1, started 8024)>>
0
	2021-10-30
16:17:06
raise right arm forward
0
	2021-10-30
16:17:26
raise left arm forward
0
	2021-10-30
16:17:47
<bound method Poppy.bend_elbows of <Poppy(Thread-1, started 8024)>>
0
	2021-10-30
16:17:47
cognitive mission
	cognitive mission 1 - success
	cognitive mission 1 - success
	cognitive mission 1 - Failure
	cognitive mission 1 - Failure
	good
bye

physical training
	2021-10-30
16:24:54
<bound method Poppy.raise_arms_forward_turn of <Poppy(Thread-1, started 3004)>>
0
	2021-10-30
16:25:18
<bound method Poppy.raise_arms_horizontally_turn of <Poppy(Thread-1, started 3004)>>
0
	2021-10-30
16:25:18
cognitive mission
	cognative mission maths- success
	cognative mission maths- success
	cognative mission maths- success
	2021-10-30
16:26:26
<bound method Poppy.raise_arms_horizontally of <Poppy(Thread-1, started 3004)>>
0
	2021-10-30
16:26:44
<bound method Poppy.raise_arms_horizontally_separate of <Poppy(Thread-1, started 3004)>>
0
	2021-10-30
16:26:51
raise right arm horizontally
0
	2021-10-30
16:27:10
raise left arm horizontally
0

Anotherworkout

physical training
	2021-10-30
16:28:39
<bound method Poppy.raise_arms_forward_separate of <Poppy(Thread-1, started 3004)>>
0
	2021-10-30
16:28:46
raise right arm forward
0
	2021-10-30
16:29:07
raise left arm forward
0
	2021-10-30
16:29:28
<bound method Poppy.bend_elbows of <Poppy(Thread-1, started 3004)>>
0
	2021-10-30
16:29:45
<bound method Poppy.raise_arms_bend_elbows of <Poppy(Thread-1, started 3004)>>
0
	2021-10-30
16:30:05
<bound method Poppy.open_and_close_arms_90 of <Poppy(Thread-1, started 3004)>>
0
	2021-10-30
16:30:05
cognitive mission
	cognative mission maths- success
	cognative mission maths- success
	cognative mission maths- success
	good
bye

physical training
	2021-10-30
17:11:01
<bound method Poppy.raise_arms_horizontally_separate of <Poppy(Thread-1, started 18636)>>
0
	2021-10-30
17:11:08
raise right arm horizontally
0
	2021-10-30
17:11:28
raise left arm horizontally
0
	2021-10-30
17:11:49
<bound method Poppy.raise_arms_forward of <Poppy(Thread-1, started 18636)>>
0
	2021-10-30
17:12:09
<bound method Poppy.raise_arms_horizontally of <Poppy(Thread-1, started 18636)>>
0
	2021-10-30
17:12:09
cognitive mission
	cognitive mission 2 - success
	cognitive mission 2 - Failure
	cognitive mission 2 - success
	2021-10-30
17:14:02
<bound method Poppy.open_and_close_arms_90 of <Poppy(Thread-1, started 18636)>>
0

Anotherworkout

physical training
	2021-10-30
17:15:08
<bound method Poppy.raise_arms_horizontally_separate of <Poppy(Thread-1, started 18636)>>
0
	2021-10-30
17:15:15
raise right arm horizontally
0
	2021-10-30
17:15:34
raise left arm horizontally
0
	2021-10-30
17:15:55
<bound method Poppy.open_and_close_arms_90 of <Poppy(Thread-1, started 18636)>>
0

success
100
	2021-10-30
17:16:16
<bound method Poppy.bend_elbows of <Poppy(Thread-1, started 18636)>>
0
	2021-10-30
17:16:16
cognitive mission
	cognitive mission 5 - success
	cognitive mission 5 - success
	cognitive mission 5 - success
	2021-10-30
17:17:48
<bound method Poppy.raise_arms_bend_elbows of <Poppy(Thread-1, started 18636)>>
0

physical training
	2021-10-30
17:19:46
<bound method Poppy.raise_arms_forward of <Poppy(Thread-1, started 4776)>>
0
	2021-10-30
17:20:06
<bound method Poppy.raise_arms_horizontally_separate of <Poppy(Thread-1, started 4776)>>
0
	2021-10-30
17:20:13
raise right arm horizontally
0
	2021-10-30
17:20:32
raise left arm horizontally
0
	2021-10-30
17:20:06
cognitive mission
	cognitive mission 2 - success
	cognitive mission 2 - success
	cognitive mission 2 - success
	good
bye

physical training
	2021-10-30
17:25:52
<bound method Poppy.raise_arms_bend_elbows of <Poppy(Thread-1, started 2900)>>
0
	2021-10-30
17:26:11
<bound method Poppy.raise_arms_forward of <Poppy(Thread-1, started 2900)>>
0
	good
bye
	cognitive mission 4 - success
	cognitive mission 4 - success
	cognitive mission 4 - success

2021-10-30
17:41:31
Relaxation mode

2021-10-30
17:49:45
Relaxation mode

2021-10-30
18:00:19
Relaxation mode

2021-10-30
18:49:11
Relaxation mode
	good
bye

2021-10-30
18:56:29
Relaxation mode

2021-10-31
09:53:05
Relaxation mode
	good
bye

2021-10-31
10:04:44
Relaxation mode

2021-10-31
10:19:48
Relaxation mode

2021-10-31
10:21:29
Relaxation mode

2021-10-31
10:28:32
Relaxation mode
	good
bye

2021-10-31
10:36:49
Relaxation mode
	good
bye

physical training
	2021-10-31
10:45:08
<bound method Poppy.raise_arms_horizontally of <Poppy(Thread-1, started 20712)>>
0
	2021-10-31
10:45:26
<bound method Poppy.raise_arms_forward_separate of <Poppy(Thread-1, started 20712)>>
0
	2021-10-31
10:45:33
raise right arm forward
0
	2021-10-31
10:45:53
raise left arm forward
0

2021-10-31
10:46:29
Relaxation mode

Anotherworkout

physical training
	2021-10-31
10:50:26
<bound method Poppy.raise_arms_horizontally_turn of <Poppy(Thread-1, started 7536)>>
0
	2021-10-31
10:50:49
<bound method Poppy.raise_arms_horizontally of <Poppy(Thread-1, started 7536)>>
0

Anotherworkout

2021-10-31
10:51:43
Relaxation mode
	good
bye

physical training
	2021-10-31
12:12:01
<bound method Poppy.bend_elbows of <Poppy(Thread-1, started 18664)>>
0
	2021-10-31
12:12:22
<bound method Poppy.raise_arms_forward of <Poppy(Thread-1, started 18664)>>
0

2021-10-31
12:12:54
Relaxation mode

Anotherworkout

physical training
	2021-10-31
12:17:35
<bound method Poppy.raise_arms_forward_turn of <Poppy(Thread-1, started 5312)>>
0
	2021-10-31
12:18:05
<bound method Poppy.raise_arms_horizontally_separate of <Poppy(Thread-1, started 5312)>>
0
	2021-10-31
12:18:13
raise right arm horizontally
0
	2021-10-31
12:18:40
raise left arm horizontally
0
	2021-10-31
12:19:09
<bound method Poppy.raise_arms_horizontally of <Poppy(Thread-1, started 5312)>>
0
	2021-10-31
12:19:09
cognitive mission
	cognitive mission 4 - success
	cognitive mission 4 - success
	cognitive mission 4 - success
	2021-10-31
12:21:16
<bound method Poppy.raise_arms_bend_elbows of <Poppy(Thread-1, started 5312)>>
0
	2021-10-31
12:21:46
<bound method Poppy.raise_arms_forward_separate of <Poppy(Thread-1, started 5312)>>
0
	2021-10-31
12:21:53
raise right arm forward
0
	2021-10-31
12:22:25
raise left arm forward
0

Anotherworkout

physical training
	2021-10-31
12:24:03
<bound method Poppy.raise_arms_forward_turn of <Poppy(Thread-1, started 5312)>>
0
	2021-10-31
12:24:34
<bound method Poppy.bend_elbows of <Poppy(Thread-1, started 5312)>>
0
	2021-10-31
12:24:34
cognitive mission
	cognitive mission 4 - Failure
	cognitive mission 4 - Failure
	cognitive mission 4 - success
	2021-10-31
12:25:58
<bound method Poppy.raise_arms_bend_elbows of <Poppy(Thread-1, started 5312)>>
0
	2021-10-31
12:26:28
<bound method Poppy.raise_arms_horizontally of <Poppy(Thread-1, started 5312)>>
0

physical training
	2021-11-01
14:09:59
<bound method Poppy.raise_arms_horizontally of <Poppy(Thread-1, started 9336)>>
0
	2021-11-01
14:10:25
<bound method Poppy.raise_arms_forward of <Poppy(Thread-1, started 9336)>>
0
	2021-11-01
14:10:55
<bound method Poppy.raise_arms_horizontally_turn of <Poppy(Thread-1, started 9336)>>
0
	2021-11-01
14:11:21
<bound method Poppy.raise_arms_forward_separate of <Poppy(Thread-1, started 9336)>>
0
	2021-11-01
14:11:28
raise right arm forward
0

physical training
	2021-11-01
14:14:58
<bound method Poppy.open_and_close_arms_90 of <Poppy(Thread-1, started 3380)>>
0
	2021-11-01
14:15:36
<bound method Poppy.raise_arms_forward_separate of <Poppy(Thread-1, started 3380)>>
0
	2021-11-01
14:15:43
raise right arm forward
0

physical training

physical training
	2021-11-04
18:16:55
<bound method Poppy.raise_arms_bend_elbows of <Poppy(Thread-1, started 29020)>>
0
	2021-11-04
18:17:21
<bound method Poppy.raise_arms_forward of <Poppy(Thread-1, started 29020)>>
0
	2021-11-04
18:17:50
<bound method Poppy.raise_arms_horizontally of <Poppy(Thread-1, started 29020)>>
0
	2021-11-04
18:18:16
<bound method Poppy.raise_arms_forward_separate of <Poppy(Thread-1, started 29020)>>
0
	2021-11-04
18:18:23
raise right arm forward
0
	2021-11-04
18:18:53
raise left arm forward
0
	2021-11-04
18:19:25
<bound method Poppy.raise_arms_forward_turn of <Poppy(Thread-1, started 29020)>>
0
	2021-11-04
18:19:25
cognitive mission

physical training
	2021-11-04
18:24:15
<bound method Poppy.raise_arms_forward_turn of <Poppy(Thread-1, started 36024)>>
0
	2021-11-04
18:24:40
<bound method Poppy.bend_elbows of <Poppy(Thread-1, started 36024)>>
0
	2021-11-04
18:24:40
cognitive mission
	cognitive mission 4 - success
	cognitive mission 4 - success
	cognitive mission 4 - success
	2021-11-04
18:25:37
<bound method Poppy.raise_arms_bend_elbows of <Poppy(Thread-1, started 36024)>>
0
	good
bye

physical training
	2021-11-04
18:30:28
<bound method Poppy.open_and_close_arms_90 of <Poppy(Thread-1, started 30580)>>
0
	2021-11-04
18:30:50
<bound method Poppy.bend_elbows of <Poppy(Thread-1, started 30580)>>
0
	2021-11-04
18:31:07
<bound method Poppy.raise_arms_forward_turn of <Poppy(Thread-1, started 30580)>>
0
	2021-11-04
18:31:07
cognitive mission
	cognitive mission 1 - success
	cognitive mission 1 - success
	cognitive mission 1 - Failure
	good
bye

physical training
	2021-11-05
09:56:55
<bound method Poppy.raise_arms_forward of <Poppy(Thread-1, started 10660)>>
0
	2021-11-05
09:57:16
<bound method Poppy.raise_arms_horizontally of <Poppy(Thread-1, started 10660)>>
0
	2021-11-05
09:57:16
cognitive mission
	cognitive mission 5 - success
	cognitive mission 5 - success
	cognitive mission 5 - success
	2021-11-05
09:58:15
<bound method Poppy.bend_elbows of <Poppy(Thread-1, started 10660)>>
0
	good
bye

physical training
	2021-11-05
10:01:28
<bound method Poppy.raise_arms_horizontally_turn of <Poppy(Thread-1, started 16284)>>
0
	2021-11-05
10:01:51
<bound method Poppy.raise_arms_horizontally of <Poppy(Thread-1, started 16284)>>
0
	2021-11-05
10:02:09
<bound method Poppy.raise_arms_horizontally_separate of <Poppy(Thread-1, started 16284)>>
0
	2021-11-05
10:02:16
raise right arm horizontally
0
	2021-11-05
10:02:35
raise left arm horizontally
0
	good
bye

physical training
	2021-11-05
10:05:38
<bound method Poppy.raise_arms_horizontally of <Poppy(Thread-1, started 9664)>>
0
	2021-11-05
10:05:56
<bound method Poppy.raise_arms_horizontally_turn of <Poppy(Thread-1, started 9664)>>
0
	2021-11-05
10:05:56
cognitive mission
	cognitive mission 2 - success
	cognitive mission 2 - success
	cognitive mission 2 - Failure
	2021-11-05
10:07:42
<bound method Poppy.raise_arms_forward of <Poppy(Thread-1, started 9664)>>
0
	good
bye

physical training
	2021-11-05
10:46:13
<bound method Poppy.open_and_close_arms_90 of <Poppy(Thread-1, started 1784)>>
0
	2021-11-05
10:46:38
<bound method Poppy.raise_arms_forward_separate of <Poppy(Thread-1, started 1784)>>
0
	2021-11-05
10:46:45
raise right arm forward
0
	2021-11-05
10:47:06
raise left arm forward
0
	2021-11-05
10:47:29
<bound method Poppy.raise_arms_forward of <Poppy(Thread-1, started 1784)>>
0
	good
bye

physical training
	2021-11-05
10:58:28
<bound method Poppy.raise_arms_forward_separate of <Poppy(Thread-1, started 13764)>>
0
	2021-11-05
10:58:35
raise right arm forward
0
	2021-11-05
10:58:55
raise left arm forward
0
	2021-11-05
10:59:16
<bound method Poppy.bend_elbows of <Poppy(Thread-1, started 13764)>>
0
	2021-11-05
10:59:16
cognitive mission
	cognitive mission 5 - success
	cognitive mission 5 - success
	cognitive mission 5 - success
	2021-11-05
11:00:54
<bound method Poppy.raise_arms_forward of <Poppy(Thread-1, started 13764)>>
0
	good
bye

physical training
	2021-11-05
11:03:41
<bound method Poppy.raise_arms_bend_elbows of <Poppy(Thread-1, started 9916)>>
0
	2021-11-05
11:04:00
<bound method Poppy.raise_arms_horizontally of <Poppy(Thread-1, started 9916)>>
0
	2021-11-05
11:04:00
cognitive mission
	cognative mission maths- success
	cognative mission maths- success
	cognative mission maths- success
	2021-11-05
11:05:19
<bound method Poppy.raise_arms_forward_turn of <Poppy(Thread-1, started 9916)>>
0
	good
bye

physical training
	2021-11-05
11:08:03
<bound method Poppy.raise_arms_horizontally of <Poppy(Thread-1, started 10100)>>
0
	2021-11-05
11:08:21
<bound method Poppy.bend_elbows of <Poppy(Thread-1, started 10100)>>
0
	2021-11-05
11:08:38
<bound method Poppy.raise_arms_bend_elbows of <Poppy(Thread-1, started 10100)>>
0
	good
bye

physical training
	2021-11-05
11:12:52
<bound method Poppy.raise_arms_bend_elbows of <Poppy(Thread-1, started 16916)>>
0
	2021-11-05
11:13:11
<bound method Poppy.raise_arms_horizontally of <Poppy(Thread-1, started 16916)>>
0
	2021-11-05
11:13:11
cognitive mission
	cognitive mission 4 - success
	cognitive mission 4 - success
	cognitive mission 4 - success
	2021-11-05
11:14:59
<bound method Poppy.raise_arms_forward_separate of <Poppy(Thread-1, started 16916)>>
0
	2021-11-05
11:15:06
raise right arm forward
0
	2021-11-05
11:15:26
raise left arm forward
0
	good
bye

physical training
	2021-11-09
20:31:04
<bound method Poppy.raise_arms_bend_elbows of <Poppy(Thread-1, started 7456)>>
0
	2021-11-09
20:31:23
<bound method Poppy.open_and_close_arms_90 of <Poppy(Thread-1, started 7456)>>
0
	2021-11-09
20:31:43
<bound method Poppy.raise_arms_forward_separate of <Poppy(Thread-1, started 7456)>>
0
	2021-11-09
20:31:51
raise right arm forward
0
	2021-11-09
20:32:10
raise left arm forward
0
	2021-11-09
20:31:43
cognitive mission
	cognitive mission 5 - success
	cognitive mission 5 - success
	cognitive mission 5 - success

physical training

Anotherworkout

physical training
	2021-11-09
20:35:18
<bound method Poppy.raise_arms_horizontally of <Poppy(Thread-1, started 22004)>>
0
	2021-11-09
20:35:36
<bound method Poppy.bend_elbows of <Poppy(Thread-1, started 22004)>>
0
	2021-11-09
20:35:36
cognitive mission
	cognitive mission 2 - success
	cognitive mission 2 - success
	cognitive mission 2 - success
	2021-11-09
20:37:13
<bound method Poppy.raise_arms_forward of <Poppy(Thread-1, started 22004)>>
0
	good
bye

2021-11-09
20:41:48
Relaxation mode

physical training after relaxation
	2021-11-09
20:46:21
<bound method Poppy.raise_arms_bend_elbows of <Poppy(Thread-1, started 3168)>>
0
	2021-11-09
20:46:40
<bound method Poppy.raise_arms_horizontally of <Poppy(Thread-1, started 3168)>>
0
	2021-11-09
20:46:58
<bound method Poppy.raise_arms_forward of <Poppy(Thread-1, started 3168)>>
0

Anotherworkout

physical training
	2021-11-09
20:47:57
<bound method Poppy.raise_arms_bend_elbows of <Poppy(Thread-1, started 3168)>>
0
	2021-11-09
20:48:16
<bound method Poppy.raise_arms_horizontally of <Poppy(Thread-1, started 3168)>>
0
	2021-11-09
20:48:33
<bound method Poppy.raise_arms_forward_turn of <Poppy(Thread-1, started 3168)>>
0
	good
bye

physical training
	2021-11-09
20:52:15
<bound method Poppy.raise_arms_horizontally of <Poppy(Thread-1, started 6100)>>
0
	2021-11-09
20:52:33
<bound method Poppy.raise_arms_forward_turn of <Poppy(Thread-1, started 6100)>>
0

Anotherworkout

physical training
	2021-11-09
20:53:57
<bound method Poppy.raise_arms_horizontally of <Poppy(Thread-1, started 6100)>>
0
	2021-11-09
20:54:15
<bound method Poppy.bend_elbows of <Poppy(Thread-1, started 6100)>>
0
	2021-11-09
20:54:15
cognitive mission
	cognitive mission 2 - success
	cognitive mission 2 - Failure
	cognitive mission 2 - success
	good
bye

physical training
	2021-11-09
20:58:43
<bound method Poppy.bend_elbows of <Poppy(Thread-1, started 10560)>>
0
	2021-11-09
20:58:59
<bound method Poppy.raise_arms_horizontally_turn of <Poppy(Thread-1, started 10560)>>
0
	good
bye

physical training
	2021-11-09
21:01:34
<bound method Poppy.raise_arms_horizontally_separate of <Poppy(Thread-1, started 18708)>>
0
	2021-11-09
21:01:41
raise right arm horizontally
0
	2021-11-09
21:02:00
raise left arm horizontally
0
	2021-11-09
21:02:21
<bound method Poppy.raise_arms_forward_separate of <Poppy(Thread-1, started 18708)>>
0
	2021-11-09
21:02:28
raise right arm forward
0
	2021-11-09
21:02:47
raise left arm forward
0
	good
bye

physical training
	2021-11-10
15:48:08
<bound method Poppy.raise_arms_forward of <Poppy(Thread-1, started 6664)>>
0
	2021-11-10
15:48:28
<bound method Poppy.open_and_close_arms_90 of <Poppy(Thread-1, started 6664)>>
0

Anotherworkout

2021-11-10
15:49:03
Relaxation mode
	good
bye

physical training
	2021-11-12
15:47:36
<bound method Poppy.bend_elbows of <Poppy(Thread-1, started 24288)>>
0
	2021-11-12
15:47:52
<bound method Poppy.raise_arms_bend_elbows of <Poppy(Thread-1, started 24288)>>
0

Anotherworkout

physical training
	2021-11-12
15:48:54
<bound method Poppy.raise_arms_bend_elbows of <Poppy(Thread-1, started 24288)>>
0
	2021-11-12
15:49:13
<bound method Poppy.raise_arms_horizontally_turn of <Poppy(Thread-1, started 24288)>>
0
	good
bye

physical training
	2021-11-12
15:53:03
<bound method Poppy.raise_arms_bend_elbows of <Poppy(Thread-1, started 25140)>>
0
	2021-11-12
15:53:27
<bound method Poppy.bend_elbows of <Poppy(Thread-1, started 25140)>>
0
	2021-11-12
15:53:49
<bound method Poppy.raise_arms_forward of <Poppy(Thread-1, started 25140)>>
0
	2021-11-12
15:54:17
<bound method Poppy.raise_arms_horizontally_separate of <Poppy(Thread-1, started 25140)>>
0
	2021-11-12
15:54:25
raise right arm horizontally
0
	2021-11-12
15:54:52
raise left arm horizontally
0

physical training
	2021-11-16
16:26:34
<bound method Poppy.raise_arms_horizontally of <Poppy(Thread-1, started 14204)>>
0
	2021-11-16
16:27:01
<bound method Poppy.raise_arms_horizontally_turn of <Poppy(Thread-1, started 14204)>>
0

physical training

physical training

physical training
	2021-11-18
15:13:43
<bound method Poppy.raise_arms_horizontally_turn of <Poppy(Thread-1, started 19664)>>
0
	2021-11-18
15:14:07
<bound method Poppy.raise_arms_horizontally_separate of <Poppy(Thread-1, started 19664)>>
0
	2021-11-18
15:14:14
raise right arm horizontally
0
	2021-11-18
15:14:40
raise left arm horizontally
0
	2021-11-18
15:14:07
cognitive mission
	cognitive mission 5 - success
	cognitive mission 5 - success
	cognitive mission 5 - success
	2021-11-18
15:16:19
<bound method Poppy.raise_arms_horizontally of <Poppy(Thread-1, started 19664)>>
0
	2021-11-18
15:16:45
<bound method Poppy.raise_arms_forward of <Poppy(Thread-1, started 19664)>>
0
	2021-11-18
15:17:14
<bound method Poppy.bend_elbows of <Poppy(Thread-1, started 19664)>>
0
	good
bye

physical training
	2021-11-18
15:28:33
<bound method Poppy.bend_elbows of <Poppy(Thread-1, started 16392)>>
0
	2021-11-18
15:28:55
<bound method Poppy.raise_arms_horizontally_separate of <Poppy(Thread-1, started 16392)>>
0
	2021-11-18
15:29:02
raise right arm horizontally
0

physical training
	2021-11-18
15:58:40
<bound method Poppy.bend_elbows of <Poppy(Thread-1, started 17668)>>
0
	2021-11-18
15:59:01
<bound method Poppy.raise_arms_forward_separate of <Poppy(Thread-1, started 17668)>>
0
	2021-11-18
15:59:08
raise right arm forward
0
	2021-11-18
15:59:36
raise left arm forward
0
	2021-11-18
16:00:05
<bound method Poppy.raise_arms_horizontally of <Poppy(Thread-1, started 17668)>>
0
	2021-11-18
16:00:31
<bound method Poppy.open_and_close_arms_90 of <Poppy(Thread-1, started 17668)>>
0
	2021-11-18
16:00:59
<bound method Poppy.raise_arms_bend_elbows of <Poppy(Thread-1, started 17668)>>
0
	2021-11-18
16:00:59
cognitive mission
	cognitive mission 2 - success
	cognitive mission 2 - Failure
	cognitive mission 2 - Failure
	good
bye

physical training
	2021-12-04
15:23:20
<bound method Poppy.raise_arms_horizontally of <Poppy(Thread-1, started 17384)>>
0
	2021-12-04
15:23:46
<bound method Poppy.raise_arms_forward_turn of <Poppy(Thread-1, started 17384)>>
0
	2021-12-04
15:23:46
cognitive mission
	cognitive mission 1 - Failure
	cognitive mission 1 - success
	cognitive mission 1 - success
	cognitive mission 1 - Failure
	2021-12-04
15:25:16
<bound method Poppy.raise_arms_horizontally_separate of <Poppy(Thread-1, started 17384)>>
0
	2021-12-04
15:25:23
raise right arm horizontally
0
	2021-12-04
15:25:49
raise left arm horizontally
0
	2021-12-04
15:26:18
<bound method Poppy.raise_arms_bend_elbows of <Poppy(Thread-1, started 17384)>>
0
	2021-12-04
15:26:43
<bound method Poppy.raise_arms_forward_separate of <Poppy(Thread-1, started 17384)>>
0
	2021-12-04
15:26:50
raise right arm forward
0
	2021-12-04
15:27:17
raise left arm forward
0
	good
bye

physical training
	2021-12-04
15:42:45
<bound method Poppy.raise_arms_forward_separate of <Poppy(Thread-1, started 11828)>>
0
	2021-12-04
15:42:52
raise right arm forward
0
	2021-12-04
15:43:20
raise left arm forward
0
	2021-12-04
15:43:49
<bound method Poppy.raise_arms_forward of <Poppy(Thread-1, started 11828)>>
0
	2021-12-04
15:43:49
cognitive mission
	cognitive mission 5 - success
	cognitive mission 5 - success
	cognitive mission 5 - success
	good
bye

physical training
	2021-12-04
15:58:12
<bound method Poppy.raise_arms_horizontally of <Poppy(Thread-1, started 28156)>>
0
	2021-12-04
15:58:30
<bound method Poppy.open_and_close_arms_90 of <Poppy(Thread-1, started 28156)>>
0
	2021-12-04
15:58:30
cognitive mission
	cognative mission maths- success
	cognative mission maths- success
	cognative mission maths- success
	good
bye

physical training
	2021-12-04
16:06:11
<bound method Poppy.bend_elbows of <Poppy(Thread-1, started 19280)>>
0
	2021-12-04
16:06:27
<bound method Poppy.raise_arms_forward_separate of <Poppy(Thread-1, started 19280)>>
0
	2021-12-04
16:06:34
raise right arm forward
0
	2021-12-04
16:06:54
raise left arm forward
0
	2021-12-04
16:06:27
cognitive mission
	cognative mission maths- success
	cognative mission maths- success
	cognative mission maths- success
	good
bye

physical training
	2021-12-04
16:11:48
<bound method Poppy.open_and_close_arms_90 of <Poppy(Thread-1, started 26448)>>
0
	2021-12-04
16:12:09
<bound method Poppy.raise_arms_forward of <Poppy(Thread-1, started 26448)>>
0
	good
bye

physical training
	2021-12-04
16:21:51
<bound method Poppy.raise_arms_horizontally_separate of <Poppy(Thread-1, started 20408)>>
0
	2021-12-04
16:21:58
raise right arm horizontally
0
	2021-12-04
16:22:16
raise left arm horizontally
0
	2021-12-04
16:22:37
<bound method Poppy.raise_arms_horizontally_turn of <Poppy(Thread-1, started 20408)>>
0
	good
bye

physical training
	2021-12-04
16:45:52
<bound method Poppy.raise_arms_forward_turn of <Poppy(Thread-1, started 19036)>>
0
	2021-12-04
16:46:12
<bound method Poppy.raise_arms_forward_separate of <Poppy(Thread-1, started 19036)>>
0
	2021-12-04
16:46:19
raise right arm forward
0
	2021-12-04
16:46:39
raise left arm forward
0
	2021-12-04
16:46:12
cognitive mission
	cognitive mission 5 - success
	cognitive mission 5 - Failure
	cognitive mission 5 - success
	good
bye

physical training
	2021-12-04
16:57:35
<bound method Poppy.raise_arms_forward_separate of <Poppy(Thread-1, started 21196)>>
0
	2021-12-04
16:57:42
raise right arm forward
0
	2021-12-04
16:58:02
raise left arm forward
0
	2021-12-04
16:58:23
<bound method Poppy.raise_arms_forward_turn of <Poppy(Thread-1, started 21196)>>
0
	good
bye

physical training
	2021-12-04
17:15:25
<bound method Poppy.raise_arms_horizontally_turn of <Poppy(poppy, started 18224)>>
0
	2021-12-04
17:15:46
<bound method Poppy.raise_arms_bend_elbows of <Poppy(poppy, started 18224)>>
0
	good
bye

physical training
	2021-12-04
17:24:16
<bound method Poppy.raise_arms_forward_turn of <Poppy(poppy, started 23012)>>
0
	2021-12-04
17:24:36
<bound method Poppy.raise_arms_forward of <Poppy(poppy, started 23012)>>
0
	2021-12-04
17:24:36
cognitive mission
	cognative mission maths- success
	cognative mission maths- success
	cognative mission maths- Failure
	good
bye

physical training
	2021-12-04
17:34:11
<bound method Poppy.bend_elbows of <Poppy(poppy, started 1840)>>
0
	2021-12-04
17:34:27
<bound method Poppy.raise_arms_forward_turn of <Poppy(poppy, started 1840)>>
0
	good
bye

physical training
	2021-12-04
17:42:55
<bound method Poppy.raise_arms_horizontally_turn of <Poppy(poppy, started 29020)>>
0
	2021-12-04
17:43:16
<bound method Poppy.raise_arms_forward of <Poppy(poppy, started 29020)>>
0
	good
bye

physical training
	2021-12-04
17:50:16
<bound method Poppy.bend_elbows of <Poppy(poppy, started 18208)>>
0
	2021-12-04
17:50:32
<bound method Poppy.raise_arms_bend_elbows of <Poppy(poppy, started 18208)>>
0
	good
bye

physical training
	2021-12-04
18:11:21
<bound method Poppy.raise_arms_horizontally of <Poppy(poppy, started 27672)>>
0
	2021-12-04
18:11:39
<bound method Poppy.bend_elbows of <Poppy(poppy, started 27672)>>
0
	good
bye

physical training
	2021-12-07
10:42:46
<bound method Poppy.raise_arms_horizontally of <Poppy(poppy, started 33524)>>
0
	2021-12-07
10:43:04
<bound method Poppy.raise_arms_forward_separate of <Poppy(poppy, started 33524)>>
0
	2021-12-07
10:43:11
raise right arm forward
0
	2021-12-07
10:43:31
raise left arm forward
0
	2021-12-07
10:43:04
cognitive mission
	cognitive mission 2 - Failure
	cognitive mission 2 - Failure
	cognitive mission 2 - success
	good
bye

physical training
	2021-12-08
10:54:10
<bound method Poppy.raise_arms_horizontally_turn of <Poppy(poppy, started 18396)>>
0
	2021-12-08
10:54:30
<bound method Poppy.raise_arms_forward_separate of <Poppy(poppy, started 18396)>>
0
	2021-12-08
10:54:38
raise right arm forward
0
	2021-12-08
10:54:57
raise left arm forward
0
	2021-12-08
10:54:30
cognitive mission
	cognative mission maths- success
	cognative mission maths- success
	cognative mission maths- success
	good
bye

physical training
	2021-12-08
11:01:53
<bound method Poppy.raise_arms_forward of <Poppy(poppy, started 35684)>>
0
	2021-12-08
11:02:13
<bound method Poppy.open_and_close_arms_90 of <Poppy(poppy, started 35684)>>
0

Anotherworkout

physical training
	2021-12-08
11:05:06
<bound method Poppy.bend_elbows of <Poppy(poppy, started 35684)>>
0
	2021-12-08
11:05:22
<bound method Poppy.raise_arms_bend_elbows of <Poppy(poppy, started 35684)>>
0
	good
bye
	good
bye

physical training
	2021-12-15
12:43:11
<bound method Poppy.raise_arms_forward_separate of <Poppy(poppy, started 13004)>>
0
	2021-12-15
12:43:18
raise right arm forward
0
	2021-12-15
12:43:37
raise left arm forward
0
	2021-12-15
12:43:58
<bound method Poppy.raise_arms_forward of <Poppy(poppy, started 13004)>>
0
	2021-12-15
12:43:58
cognitive mission
	cognitive mission 2 - success
	cognitive mission 2 - success
	cognitive mission 2 - success
	good
bye

physical training
	2021-12-15
12:48:46
<bound method Poppy.open_and_close_arms_90 of <Poppy(poppy, started 17160)>>
0
	2021-12-15
12:49:06
<bound method Poppy.raise_arms_horizontally_turn of <Poppy(poppy, started 17160)>>
0
	good
bye

physical training
	2021-12-15
12:52:23
<bound method Poppy.raise_arms_horizontally_separate of <Poppy(poppy, started 17652)>>
0
	2021-12-15
12:52:30
raise right arm horizontally
0
	2021-12-15
12:52:49
raise left arm horizontally
0
	2021-12-15
12:53:10
<bound method Poppy.raise_arms_bend_elbows of <Poppy(poppy, started 17652)>>
0
	good
bye

physical training
	2021-12-15
12:57:56
<bound method Poppy.raise_arms_bend_elbows of <Poppy(poppy, started 15104)>>
0
	2021-12-15
12:58:14
<bound method Poppy.raise_arms_horizontally of <Poppy(poppy, started 15104)>>
0
	2021-12-15
12:58:14
cognitive mission
	cognative mission maths- success
	cognative mission maths- success
	cognative mission maths- Failure
	good
bye

physical training
	2021-12-15
13:11:44
<bound method Poppy.raise_arms_bend_elbows of <Poppy(poppy, started 13692)>>
0
	2021-12-15
13:12:03
<bound method Poppy.raise_arms_horizontally of <Poppy(poppy, started 13692)>>
0
	good
bye

physical training
	2021-12-15
14:20:03
<bound method Poppy.raise_arms_horizontally_turn of <Poppy(poppy, started 7840)>>
0
	2021-12-15
14:20:22
<bound method Poppy.raise_arms_forward_turn of <Poppy(poppy, started 7840)>>
0
	good
bye

physical training
	2021-12-15
14:30:37
<bound method Poppy.raise_arms_horizontally of <Poppy(poppy, started 1700)>>
0
	2021-12-15
14:30:55
<bound method Poppy.raise_arms_forward_turn of <Poppy(poppy, started 1700)>>
0
	2021-12-15
14:30:55
cognitive mission
	cognative mission maths- success
	cognative mission maths- success
	cognative mission maths- success
	good
bye

physical training
	2021-12-15
14:37:03
<bound method Poppy.raise_arms_forward of <Poppy(poppy, started 6648)>>
0
	2021-12-15
14:37:23
<bound method Poppy.raise_arms_horizontally_turn of <Poppy(poppy, started 6648)>>
0
	good
bye

physical training
	2021-12-15
14:41:01
<bound method Poppy.raise_arms_horizontally_separate of <Poppy(poppy, started 584)>>
0
	2021-12-15
14:41:09
raise right arm horizontally
0
	2021-12-15
14:41:27
raise left arm horizontally
0
	2021-12-15
14:41:49
<bound method Poppy.raise_arms_forward_turn of <Poppy(poppy, started 584)>>
0
	good
bye

physical training
	2021-12-15
14:53:29
<bound method Poppy.raise_arms_horizontally_turn of <Poppy(poppy, started 1856)>>
0
	2021-12-15
14:53:49
<bound method Poppy.raise_arms_horizontally of <Poppy(poppy, started 1856)>>
0
	good
bye

physical training
	2021-12-15
14:58:05
<bound method Poppy.open_and_close_arms_90 of <Poppy(poppy, started 12616)>>
0
	2021-12-15
14:58:25
<bound method Poppy.raise_arms_horizontally_turn of <Poppy(poppy, started 12616)>>
0
	good
bye

physical training
	2021-12-20
13:24:28
<bound method Poppy.open_and_close_arms_90 of <Poppy(poppy, started 20060)>>
0
	2021-12-20
13:24:48
<bound method Poppy.bend_elbows of <Poppy(poppy, started 20060)>>
0
	2021-12-20
13:24:48
cognitive mission

physical training
	2021-12-24
16:35:40
<bound method Poppy.open_and_close_arms_90 of <Poppy(poppy, started 18244)>>
0
	2021-12-24
16:36:00
<bound method Poppy.raise_arms_horizontally_turn of <Poppy(poppy, started 18244)>>
0
	2021-12-24
16:36:19
<bound method Poppy.raise_arms_forward_separate of <Poppy(poppy, started 18244)>>
0
	2021-12-24
16:36:26
raise right arm forward
0
	2021-12-24
16:36:45
raise left arm forward
0
	2021-12-24
16:37:06
<bound method Poppy.raise_arms_horizontally of <Poppy(poppy, started 18244)>>
0
	2021-12-24
16:37:06
cognitive mission

physical training
	cognitive mission 5 - success
	cognitive mission 5 - success
	cognitive mission 5 - success
	good
bye

physical training
	good
bye

physical training

physical training

physical training

physical training

physical training

physical training

physical training
	good
bye

physical training

physical training

physical training

physical training

physical training
	good
bye

physical training
	good
bye

physical training
	good
bye

physical training

physical training
	good
bye

physical training

physical training
	good
bye

physical training

2021-12-28
12:25:32
Relaxation mode
	good
bye

physical training

physical training

physical training

physical training

physical training

physical training

physical training

physical training

physical training
	good
bye
	good
bye
	good
bye
	good
bye
	good
bye

physical training

physical training

physical training

physical training

physical training

physical training

physical training
	good
bye

physical training
	good
bye
	good
bye
	good
bye
	good
bye
	good
bye
	good
bye

physical training

physical training

Q1-a

Q3-c

Q1-b

Q1-c

Q1-c

Q2-b

Q3-c

Q1-d

Q2-b

Q3-c

Q1-a

Q2-b

Q3-c

Q1-a

Q2-c

Q3-c

Q1-a

Q2-c

Q3-c

Q1-a

Q2-c

Q3-c

Q1-a

Q2-c

Q3-c

Q1-a

Q2-c

Q3-c

Q1-a

Q2-c

Q3-c

Q1-a

Q2-c

Q3-c

Q1-a

Q2-c

Q3-c

Q1-a

Q2-c

Q3-c

Q1-b

Q2-c

Q3-a

Q1-b

Q2-c

Q3-a

Q1-d

Q2-c

Q3-a

Q1-b

Q2-c

Q3-a

Q1-b

Q2-c

Q3-a

Q1-b

Q2-c

Q3-c

Q1-b

Q2-c

Q3-c

success
100

Q1-b

Q2-c

Q3-a

success
100

Q1-c

Q2-c

Q3-c

Q1-d

Q2-c

Q3-a

Q1-b

Q2-c

Q3-a

Q1-b

Q2-c

Q3-a

Q1-b

Q2-c

Q3-a

Q1-a

Q2-c

Q3-a

Q1-b

Q2-c

Q3-a

Q1-b

Q2-c

Q3-a

Q1-b

Q2-c

Q3-a

Q1-b

Q2-c

Q3-a

Q1-b

Q2-c

Q3-a

Q1-b

Q2-c

Q3-a

Q1-b

Q2-c

Q3-a

Q1-a

Q2-c

Q3-c

Q1-a

Q2-c

Q3-c

Q1-a

Q2-c

Q3-c

success
100

success
100

success
100

success
100

Q1-b

Q2-c

Q3-a

success
100

success
100

Q1-a

Q2-c

Q3-c

success
100

success
100

success
100

Q1-a

Q2-c

Q3-a

success
100

success
100

success
100
